run_id,config_hash,git_sha,model,task_key,trial_seed,condition,target_service_id,degrade_start_round,n_rounds,profile,lag_rounds,censored,trace_json,is_synthetic_data,n_switches,total_duration
45f2068c,3dc115d9,c2fbfe37,qwen2.5:1.5b,streaming,5000,global_fixed,qws_0519,8,20,sudden,2,False,"['qws_0519', 'qws_0519', 'qws_0519', 'qws_0519', 'qws_0519', 'qws_0519', 'qws_0519', 'qws_0519', 'qws_0519', 'qws_0519', 'qws_2197', 'qws_2197', 'qws_2197', 'qws_2197', 'qws_2197', 'qws_2197', 'qws_2197', 'qws_2197', 'qws_2197', 'qws_2197']",False,1,0
45f2068c,3dc115d9,c2fbfe37,qwen2.5:1.5b,streaming,5000,lookup_table,qws_0519,8,20,sudden,2,False,"['qws_0519', 'qws_0519', 'qws_0519', 'qws_0519', 'qws_0519', 'qws_0519', 'qws_0519', 'qws_0519', 'qws_0519', 'qws_0519', 'qws_1644', 'qws_1644', 'qws_1644', 'qws_1644', 'qws_1644', 'qws_1644', 'qws_1644', 'qws_1644', 'qws_1644', 'qws_1644']",False,1,0
45f2068c,3dc115d9,c2fbfe37,qwen2.5:1.5b,streaming,5000,lookup_every_round,qws_0519,8,20,sudden,0,False,"['qws_0519', 'qws_0519', 'qws_0519', 'qws_0519', 'qws_0519', 'qws_0519', 'qws_0519', 'qws_0519', 'qws_1644', 'qws_1644', 'qws_1644', 'qws_1644', 'qws_1644', 'qws_1644', 'qws_1644', 'qws_1644', 'qws_1644', 'qws_1644', 'qws_1644', 'qws_1644']",False,1,0
45f2068c,3dc115d9,c2fbfe37,qwen2.5:1.5b,streaming,5000,global_every_round,qws_0519,8,20,sudden,0,False,"['qws_0519', 'qws_0519', 'qws_0519', 'qws_0519', 'qws_0519', 'qws_0519', 'qws_0519', 'qws_0519', 'qws_2197', 'qws_2197', 'qws_2197', 'qws_2197', 'qws_2197', 'qws_2197', 'qws_2197', 'qws_2197', 'qws_2197', 'qws_2197', 'qws_2197', 'qws_2197']",False,1,0
45f2068c,3dc115d9,c2fbfe37,qwen2.5:1.5b,streaming,5000,agent_weights_only,qws_0519,8,20,sudden,0,False,"['qws_0635', 'qws_0635', 'qws_0635', 'qws_0635', 'qws_0635', 'qws_0635', 'qws_0635', 'qws_0635', 'qws_0635', 'qws_0635', 'qws_0635', 'qws_0635', 'qws_0635', 'qws_0635', 'qws_0635', 'qws_0635', 'qws_0635', 'qws_0635', 'qws_0635', 'qws_0635']",False,0,150250157400
45f2068c,3dc115d9,c2fbfe37,qwen2.5:1.5b,streaming,5000,agent_full,qws_0519,8,20,sudden,0,False,"['qws_0519', 'qws_0519', 'qws_0519', 'qws_0519', 'qws_0519', 'qws_0519', 'qws_0519', 'qws_0519', 'qws_2197', 'qws_2197', 'qws_2197', 'qws_2197', 'qws_2197', 'qws_2197', 'qws_2197', 'qws_2197', 'qws_2197', 'qws_2197', 'qws_2197', 'qws_2197']",False,1,150250157400
45f2068c,3dc115d9,c2fbfe37,qwen2.5:1.5b,financial_transaction,5000,global_fixed,qws_0133,8,20,sudden,2,False,"['qws_0133', 'qws_0133', 'qws_0133', 'qws_0133', 'qws_0133', 'qws_0133', 'qws_0133', 'qws_0133', 'qws_0133', 'qws_0133', 'qws_0270', 'qws_0270', 'qws_0270', 'qws_0270', 'qws_0270', 'qws_0270', 'qws_0270', 'qws_0270', 'qws_0270', 'qws_0270']",False,1,0
45f2068c,3dc115d9,c2fbfe37,qwen2.5:1.5b,financial_transaction,5000,lookup_table,qws_0133,8,20,sudden,2,False,"['qws_0133', 'qws_0133', 'qws_0133', 'qws_0133', 'qws_0133', 'qws_0133', 'qws_0133', 'qws_0133', 'qws_0133', 'qws_0133', 'qws_1780', 'qws_1780', 'qws_1780', 'qws_1780', 'qws_1780', 'qws_1780', 'qws_1780', 'qws_1780', 'qws_1780', 'qws_1780']",False,1,0
45f2068c,3dc115d9,c2fbfe37,qwen2.5:1.5b,financial_transaction,5000,lookup_every_round,qws_0133,8,20,sudden,0,False,"['qws_0133', 'qws_0133', 'qws_0133', 'qws_0133', 'qws_0133', 'qws_0133', 'qws_0133', 'qws_0133', 'qws_1780', 'qws_1780', 'qws_1780', 'qws_1780', 'qws_1780', 'qws_1780', 'qws_1780', 'qws_1780', 'qws_1780', 'qws_1780', 'qws_1780', 'qws_1780']",False,1,0
45f2068c,3dc115d9,c2fbfe37,qwen2.5:1.5b,financial_transaction,5000,global_every_round,qws_0133,8,20,sudden,0,False,"['qws_0133', 'qws_0133', 'qws_0133', 'qws_0133', 'qws_0133', 'qws_0133', 'qws_0133', 'qws_0133', 'qws_0270', 'qws_0270', 'qws_0270', 'qws_0270', 'qws_0270', 'qws_0270', 'qws_0270', 'qws_0270', 'qws_0270', 'qws_0270', 'qws_0270', 'qws_0270']",False,1,0
45f2068c,3dc115d9,c2fbfe37,qwen2.5:1.5b,financial_transaction,5000,agent_weights_only,qws_0133,8,20,sudden,0,False,"['qws_0133', 'qws_0133', 'qws_0133', 'qws_0133', 'qws_0133', 'qws_0133', 'qws_0133', 'qws_0133', 'qws_0270', 'qws_0270', 'qws_0270', 'qws_0270', 'qws_0270', 'qws_0270', 'qws_0270', 'qws_0270', 'qws_0270', 'qws_0270', 'qws_0270', 'qws_0270']",False,1,77350331400
45f2068c,3dc115d9,c2fbfe37,qwen2.5:1.5b,financial_transaction,5000,agent_full,qws_0133,8,20,sudden,0,False,"['qws_0133', 'qws_0133', 'qws_0133', 'qws_0133', 'qws_0133', 'qws_0133', 'qws_0133', 'qws_0133', 'qws_0270', 'qws_0270', 'qws_0270', 'qws_0270', 'qws_0270', 'qws_0270', 'qws_0270', 'qws_0270', 'qws_0270', 'qws_0270', 'qws_0270', 'qws_0270']",False,1,77350331400
45f2068c,3dc115d9,c2fbfe37,qwen2.5:1.5b,batch_processing,5000,global_fixed,qws_0519,8,20,sudden,2,False,"['qws_0519', 'qws_0519', 'qws_0519', 'qws_0519', 'qws_0519', 'qws_0519', 'qws_0519', 'qws_0519', 'qws_0519', 'qws_0519', 'qws_2197', 'qws_2197', 'qws_2197', 'qws_2197', 'qws_2197', 'qws_2197', 'qws_2197', 'qws_2197', 'qws_2197', 'qws_2197']",False,1,0
45f2068c,3dc115d9,c2fbfe37,qwen2.5:1.5b,batch_processing,5000,lookup_table,qws_0519,8,20,sudden,2,False,"['qws_0519', 'qws_0519', 'qws_0519', 'qws_0519', 'qws_0519', 'qws_0519', 'qws_0519', 'qws_0519', 'qws_0519', 'qws_0519', 'qws_1644', 'qws_1644', 'qws_1644', 'qws_1644', 'qws_1644', 'qws_1644', 'qws_1644', 'qws_1644', 'qws_1644', 'qws_1644']",False,1,0
45f2068c,3dc115d9,c2fbfe37,qwen2.5:1.5b,batch_processing,5000,lookup_every_round,qws_0519,8,20,sudden,0,False,"['qws_0519', 'qws_0519', 'qws_0519', 'qws_0519', 'qws_0519', 'qws_0519', 'qws_0519', 'qws_0519', 'qws_1644', 'qws_1644', 'qws_1644', 'qws_1644', 'qws_1644', 'qws_1644', 'qws_1644', 'qws_1644', 'qws_1644', 'qws_1644', 'qws_1644', 'qws_1644']",False,1,0
45f2068c,3dc115d9,c2fbfe37,qwen2.5:1.5b,batch_processing,5000,global_every_round,qws_0519,8,20,sudden,0,False,"['qws_0519', 'qws_0519', 'qws_0519', 'qws_0519', 'qws_0519', 'qws_0519', 'qws_0519', 'qws_0519', 'qws_2197', 'qws_2197', 'qws_2197', 'qws_2197', 'qws_2197', 'qws_2197', 'qws_2197', 'qws_2197', 'qws_2197', 'qws_2197', 'qws_2197', 'qws_2197']",False,1,0
45f2068c,3dc115d9,c2fbfe37,qwen2.5:1.5b,batch_processing,5000,agent_weights_only,qws_0519,8,20,sudden,0,False,"['qws_0519', 'qws_0519', 'qws_0519', 'qws_0519', 'qws_0519', 'qws_0519', 'qws_0519', 'qws_0519', 'qws_0635', 'qws_0635', 'qws_0635', 'qws_0635', 'qws_0635', 'qws_0635', 'qws_0635', 'qws_0635', 'qws_0635', 'qws_0635', 'qws_0635', 'qws_0635']",False,1,111344037700
45f2068c,3dc115d9,c2fbfe37,qwen2.5:1.5b,batch_processing,5000,agent_full,qws_0519,8,20,sudden,0,False,"['qws_0519', 'qws_0519', 'qws_0519', 'qws_0519', 'qws_0519', 'qws_0519', 'qws_0519', 'qws_0519', 'qws_2197', 'qws_2197', 'qws_2197', 'qws_2197', 'qws_2197', 'qws_2197', 'qws_2197', 'qws_2197', 'qws_2197', 'qws_2197', 'qws_2197', 'qws_2197']",False,1,111344037700
45f2068c,3dc115d9,c2fbfe37,qwen2.5:1.5b,low_cost_prototype,5000,global_fixed,qws_0133,8,20,sudden,2,False,"['qws_0133', 'qws_0133', 'qws_0133', 'qws_0133', 'qws_0133', 'qws_0133', 'qws_0133', 'qws_0133', 'qws_0133', 'qws_0133', 'qws_0270', 'qws_0270', 'qws_0270', 'qws_0270', 'qws_0270', 'qws_0270', 'qws_0270', 'qws_0270', 'qws_0270', 'qws_0270']",False,1,0
45f2068c,3dc115d9,c2fbfe37,qwen2.5:1.5b,low_cost_prototype,5000,lookup_table,qws_0133,8,20,sudden,2,False,"['qws_0133', 'qws_0133', 'qws_0133', 'qws_0133', 'qws_0133', 'qws_0133', 'qws_0133', 'qws_0133', 'qws_0133', 'qws_0133', 'qws_0270', 'qws_0270', 'qws_0270', 'qws_0270', 'qws_0270', 'qws_0270', 'qws_0270', 'qws_0270', 'qws_0270', 'qws_0270']",False,1,0
45f2068c,3dc115d9,c2fbfe37,qwen2.5:1.5b,low_cost_prototype,5000,lookup_every_round,qws_0133,8,20,sudden,0,False,"['qws_0133', 'qws_0133', 'qws_0133', 'qws_0133', 'qws_0133', 'qws_0133', 'qws_0133', 'qws_0133', 'qws_0270', 'qws_0270', 'qws_0270', 'qws_0270', 'qws_0270', 'qws_0270', 'qws_0270', 'qws_0270', 'qws_0270', 'qws_0270', 'qws_0270', 'qws_0270']",False,1,0
45f2068c,3dc115d9,c2fbfe37,qwen2.5:1.5b,low_cost_prototype,5000,global_every_round,qws_0133,8,20,sudden,0,False,"['qws_0133', 'qws_0133', 'qws_0133', 'qws_0133', 'qws_0133', 'qws_0133', 'qws_0133', 'qws_0133', 'qws_0270', 'qws_0270', 'qws_0270', 'qws_0270', 'qws_0270', 'qws_0270', 'qws_0270', 'qws_0270', 'qws_0270', 'qws_0270', 'qws_0270', 'qws_0270']",False,1,0
45f2068c,3dc115d9,c2fbfe37,qwen2.5:1.5b,low_cost_prototype,5000,agent_weights_only,qws_0133,8,20,sudden,0,False,"['qws_0133', 'qws_0133', 'qws_0133', 'qws_0133', 'qws_0133', 'qws_0133', 'qws_0133', 'qws_0133', 'qws_0270', 'qws_0270', 'qws_0270', 'qws_0270', 'qws_0270', 'qws_0270', 'qws_0270', 'qws_0270', 'qws_0270', 'qws_0270', 'qws_0270', 'qws_0270']",False,1,105432117400
45f2068c,3dc115d9,c2fbfe37,qwen2.5:1.5b,low_cost_prototype,5000,agent_full,qws_0133,8,20,sudden,0,False,"['qws_0133', 'qws_0133', 'qws_0133', 'qws_0133', 'qws_0133', 'qws_0133', 'qws_0133', 'qws_0133', 'qws_0270', 'qws_0270', 'qws_0270', 'qws_0270', 'qws_0270', 'qws_0270', 'qws_0270', 'qws_0270', 'qws_0270', 'qws_0270', 'qws_0270', 'qws_0270']",False,1,105432117400
45f2068c,3dc115d9,c2fbfe37,qwen2.5:1.5b,iot_telemetry_ingestion,5000,global_fixed,qws_0759,8,20,sudden,2,False,"['qws_0759', 'qws_0759', 'qws_0759', 'qws_0759', 'qws_0759', 'qws_0759', 'qws_0759', 'qws_0759', 'qws_0759', 'qws_0759', 'qws_0736', 'qws_0736', 'qws_0736', 'qws_0736', 'qws_0736', 'qws_0736', 'qws_0736', 'qws_0736', 'qws_0736', 'qws_0736']",False,1,0
45f2068c,3dc115d9,c2fbfe37,qwen2.5:1.5b,iot_telemetry_ingestion,5000,lookup_table,qws_0759,8,20,sudden,2,False,"['qws_0759', 'qws_0759', 'qws_0759', 'qws_0759', 'qws_0759', 'qws_0759', 'qws_0759', 'qws_0759', 'qws_0759', 'qws_0759', 'qws_0383', 'qws_0383', 'qws_0383', 'qws_0383', 'qws_0383', 'qws_0383', 'qws_0383', 'qws_0383', 'qws_0383', 'qws_0383']",False,1,0
45f2068c,3dc115d9,c2fbfe37,qwen2.5:1.5b,iot_telemetry_ingestion,5000,lookup_every_round,qws_0759,8,20,sudden,0,False,"['qws_0759', 'qws_0759', 'qws_0759', 'qws_0759', 'qws_0759', 'qws_0759', 'qws_0759', 'qws_0759', 'qws_0383', 'qws_0383', 'qws_0383', 'qws_0383', 'qws_0383', 'qws_0383', 'qws_0383', 'qws_0383', 'qws_0383', 'qws_0383', 'qws_0383', 'qws_0383']",False,1,0
45f2068c,3dc115d9,c2fbfe37,qwen2.5:1.5b,iot_telemetry_ingestion,5000,global_every_round,qws_0759,8,20,sudden,0,False,"['qws_0759', 'qws_0759', 'qws_0759', 'qws_0759', 'qws_0759', 'qws_0759', 'qws_0759', 'qws_0759', 'qws_0736', 'qws_0736', 'qws_0736', 'qws_0736', 'qws_0736', 'qws_0736', 'qws_0736', 'qws_0736', 'qws_0736', 'qws_0736', 'qws_0736', 'qws_0736']",False,1,0
45f2068c,3dc115d9,c2fbfe37,qwen2.5:1.5b,iot_telemetry_ingestion,5000,agent_weights_only,qws_0759,8,20,sudden,0,False,"['qws_0914', 'qws_0914', 'qws_0914', 'qws_0914', 'qws_0914', 'qws_0914', 'qws_0914', 'qws_0914', 'qws_0914', 'qws_0914', 'qws_0914', 'qws_0914', 'qws_0914', 'qws_0914', 'qws_0914', 'qws_0914', 'qws_0914', 'qws_0914', 'qws_0914', 'qws_0914']",False,0,275822370700
45f2068c,3dc115d9,c2fbfe37,qwen2.5:1.5b,iot_telemetry_ingestion,5000,agent_full,qws_0759,8,20,sudden,0,False,"['qws_0914', 'qws_0914', 'qws_0914', 'qws_0914', 'qws_0914', 'qws_0914', 'qws_0914', 'qws_0914', 'qws_0914', 'qws_0914', 'qws_0914', 'qws_0914', 'qws_0914', 'qws_0914', 'qws_0914', 'qws_0914', 'qws_0914', 'qws_0914', 'qws_0914', 'qws_0914']",False,0,275822370700
45f2068c,3dc115d9,c2fbfe37,qwen2.5:1.5b,compliance_sensitive_backend,5000,global_fixed,qws_0133,8,20,sudden,2,False,"['qws_0133', 'qws_0133', 'qws_0133', 'qws_0133', 'qws_0133', 'qws_0133', 'qws_0133', 'qws_0133', 'qws_0133', 'qws_0133', 'qws_0270', 'qws_0270', 'qws_0270', 'qws_0270', 'qws_0270', 'qws_0270', 'qws_0270', 'qws_0270', 'qws_0270', 'qws_0270']",False,1,0
45f2068c,3dc115d9,c2fbfe37,qwen2.5:1.5b,compliance_sensitive_backend,5000,lookup_table,qws_0133,8,20,sudden,2,False,"['qws_0133', 'qws_0133', 'qws_0133', 'qws_0133', 'qws_0133', 'qws_0133', 'qws_0133', 'qws_0133', 'qws_0133', 'qws_0133', 'qws_0270', 'qws_0270', 'qws_0270', 'qws_0270', 'qws_0270', 'qws_0270', 'qws_0270', 'qws_0270', 'qws_0270', 'qws_0270']",False,1,0
45f2068c,3dc115d9,c2fbfe37,qwen2.5:1.5b,compliance_sensitive_backend,5000,lookup_every_round,qws_0133,8,20,sudden,0,False,"['qws_0133', 'qws_0133', 'qws_0133', 'qws_0133', 'qws_0133', 'qws_0133', 'qws_0133', 'qws_0133', 'qws_0270', 'qws_0270', 'qws_0270', 'qws_0270', 'qws_0270', 'qws_0270', 'qws_0270', 'qws_0270', 'qws_0270', 'qws_0270', 'qws_0270', 'qws_0270']",False,1,0
45f2068c,3dc115d9,c2fbfe37,qwen2.5:1.5b,compliance_sensitive_backend,5000,global_every_round,qws_0133,8,20,sudden,0,False,"['qws_0133', 'qws_0133', 'qws_0133', 'qws_0133', 'qws_0133', 'qws_0133', 'qws_0133', 'qws_0133', 'qws_0270', 'qws_0270', 'qws_0270', 'qws_0270', 'qws_0270', 'qws_0270', 'qws_0270', 'qws_0270', 'qws_0270', 'qws_0270', 'qws_0270', 'qws_0270']",False,1,0
45f2068c,3dc115d9,c2fbfe37,qwen2.5:1.5b,compliance_sensitive_backend,5000,agent_weights_only,qws_0133,8,20,sudden,0,False,"['qws_0133', 'qws_0133', 'qws_0133', 'qws_0133', 'qws_0133', 'qws_0133', 'qws_0133', 'qws_0133', 'qws_0270', 'qws_0270', 'qws_0270', 'qws_0270', 'qws_0270', 'qws_0270', 'qws_0270', 'qws_0270', 'qws_0270', 'qws_0270', 'qws_0270', 'qws_0270']",False,1,346731541100
45f2068c,3dc115d9,c2fbfe37,qwen2.5:1.5b,compliance_sensitive_backend,5000,agent_full,qws_0133,8,20,sudden,0,False,"['qws_0133', 'qws_0133', 'qws_0133', 'qws_0133', 'qws_0133', 'qws_0133', 'qws_0133', 'qws_0133', 'qws_0270', 'qws_0270', 'qws_0270', 'qws_0270', 'qws_0270', 'qws_0270', 'qws_0270', 'qws_0270', 'qws_0270', 'qws_0270', 'qws_0270', 'qws_0270']",False,1,346731541100
